[
  {
    "common_name": "Updated Name",
    "alternative_name": "",
    "latin_name": "Rubus testius",
    "watering_frequency": [
      "W3"
    ],
    "compatible_watering_frequencies": [
      "W2",
      "D1"
    ],
    "preferred_time": [
      "SUNRISE+30"
    ],
    "compatible_watering_times": [
      "SUNSET-60"
    ],
    "root_area_sqft": 4.0,
    "water_optimal_in_week": 1.25,
    "tolerance_min_in_week": 0.88,
    "tolerance_max_in_week": 1.62,
    "usda_zones": "3-8",
    "soil_preference": "Well-drained, fertile, pH 5.6–6.2",
    "sun_exposure": "Full Sun",
    "fruiting_period": "July–August",
    "planting_time": "Early Spring",
    "spacing_inches": 24,
    "growth_type": "Perennial",
    "plant_id": 1
  },
  {
    "plant_id": 2,
    "common_name": "Raspberry, Red",
    "alternative_name": "",
    "latin_name": "Rubus idaeus",
    "watering_frequency": [
      "W3"
    ],
    "compatible_watering_frequencies": [
      "W2",
      "D1"
    ],
    "preferred_time": [
      "SUNRISE+30"
    ],
    "compatible_watering_times": [
      "SUNSET-60"
    ],
    "root_area_sqft": 4.0,
    "water_optimal_in_week": 1.25,
    "tolerance_min_in_week": 0.88,
    "tolerance_max_in_week": 1.62,
    "usda_zones": "3-8",
    "soil_preference": "Well-drained, fertile, pH 5.6–6.2",
    "sun_exposure": "Full Sun",
    "fruiting_period": "July–August",
    "planting_time": "Early Spring",
    "spacing_inches": 24,
    "growth_type": "Perennial"
  },
  {
    "plant_id": 3,
    "common_name": "Raspberry, Red",
    "alternative_name": "",
    "latin_name": "Rubus idaeus",
    "watering_frequency": [
      "W3"
    ],
    "compatible_watering_frequencies": [
      "W2",
      "D1"
    ],
    "preferred_time": [
      "SUNRISE+30"
    ],
    "compatible_watering_times": [
      "SUNSET-60"
    ],
    "root_area_sqft": 4.0,
    "water_optimal_in_week": 1.25,
    "tolerance_min_in_week": 0.88,
    "tolerance_max_in_week": 1.62,
    "usda_zones": "3-8",
    "soil_preference": "Well-drained, fertile, pH 5.6–6.2",
    "sun_exposure": "Full Sun",
    "fruiting_period": "July–August",
    "planting_time": "Early Spring",
    "spacing_inches": 24,
    "growth_type": "Perennial"
  },
  {
    "plant_id": 4,
    "common_name": "Raspberry, Red",
    "alternative_name": "",
    "latin_name": "Rubus idaeus",
    "watering_frequency": [
      "W3"
    ],
    "compatible_watering_frequencies": [
      "W2",
      "D1"
    ],
    "preferred_time": [
      "SUNRISE+30"
    ],
    "compatible_watering_times": [
      "SUNSET-60"
    ],
    "root_area_sqft": 4.0,
    "water_optimal_in_week": 1.25,
    "tolerance_min_in_week": 0.88,
    "tolerance_max_in_week": 1.62,
    "usda_zones": "3-8",
    "soil_preference": "Well-drained, fertile, pH 5.6–6.2",
    "sun_exposure": "Full Sun",
    "fruiting_period": "July–August",
    "planting_time": "Early Spring",
    "spacing_inches": 24,
    "growth_type": "Perennial"
  },
  {
    "plant_id": 7,
    "common_name": "Haskap",
    "alternative_name": "Honeyberry",
    "latin_name": "Lonicera caerulea",
    "watering_frequency": [
      "W1"
    ],
    "compatible_watering_frequencies": [
      "W2"
    ],
    "preferred_time": [
      "SUNRISE+30"
    ],
    "compatible_watering_times": [
      "SUNSET-60"
    ],
    "root_area_sqft": 9.0,
    "water_optimal_in_week": 1.0,
    "tolerance_min_in_week": 0.7,
    "tolerance_max_in_week": 1.3,
    "usda_zones": "2-7",
    "soil_preference": "Well-drained, pH 5.0–7.0",
    "sun_exposure": "Full Sun",
    "fruiting_period": "June",
    "planting_time": "Early Spring",
    "spacing_inches": 36,
    "growth_type": "Perennial"
  }
]