[
  {
    "timestamp": "2025-07-10T22:50:58.083468",
    "event_type": "cli_echo",
    "source": "safe_log",
    "severity": "info",
    "payload": {
      "message": "[WaterMe] Shutting down services..."
    }
  },
  {
    "timestamp": "2025-07-10T22:51:01.563655",
    "event_type": "cli_echo",
    "source": "safe_log",
    "severity": "info",
    "payload": {
      "message": "[WaterMe] API service terminated"
    }
  },
  {
    "timestamp": "2025-07-10T22:51:01.567785",
    "event_type": "cli_echo",
    "source": "safe_log",
    "severity": "info",
    "payload": {
      "message": "[WaterMe] Shutdown complete."
    }
  }
]