{
  "schedule": [
    {
      "zone_id": 3,
      "start_time": "2025-07-15T06:02",
      "duration": 115,
      "mode": "Scheduled"
    },
    {
      "zone_id": 3,
      "start_time": "2025-07-16T06:02",
      "duration": 115,
      "mode": "Scheduled"
    },
    {
      "zone_id": 3,
      "start_time": "2025-07-16T06:02",
      "duration": 115,
      "mode": "Scheduled"
    },
    {
      "zone_id": 4,
      "start_time": "2025-07-16T06:02",
      "duration": 265,
      "mode": "Scheduled"
    }
  ],
  "next_run": {
    "1": {
      "start": "2025-07-18T06:02",
      "duration": 3128
    },
    "2": {
      "start": null,
      "duration": 1800
    },
    "3": {
      "start": "2025-07-15T06:02",
      "duration": 115
    },
    "4": {
      "start": "2025-07-16T06:02",
      "duration": 265
    }
  }
}